{
  "max_samples_requested": 4700,
  "samples_used": 4700,
  "train_samples": 3760,
  "validation_samples": 470,
  "test_samples": 470,
  "learning_rate": 0.008,
  "padding": 0,
  "epochs": 10,
  "final_validation_loss": 1.485616784196213,
  "final_validation_accuracy": 66.80851063829788,
  "test_loss": 1.2885149804671165,
  "test_accuracy": 0.6893617021276596,
  "macro_f1": 0.6858188283294608,
  "training_and_test_seconds": 2356.098007374996,
  "model_parameters": 27375,
  "mean_inference_ms": 23.27696198298462,
  "run_id": "samples_4700_lr_0.008_pad_0_epochs_10"
}