{
  "max_samples_requested": 4700,
  "samples_used": 4700,
  "train_samples": 3760,
  "validation_samples": 470,
  "test_samples": 470,
  "learning_rate": 0.012,
  "padding": 1,
  "epochs": 10,
  "final_validation_loss": 1.4881270550665668,
  "final_validation_accuracy": 71.48936170212767,
  "test_loss": 1.411835895044344,
  "test_accuracy": 0.674468085106383,
  "macro_f1": 0.6656059778860018,
  "training_and_test_seconds": 3833.582330237994,
  "model_parameters": 76527,
  "mean_inference_ms": 37.87955168936218,
  "run_id": "samples_4700_lr_0.012_pad_1_epochs_10"
}