{
  "max_samples_requested": 10000,
  "samples_used": 9964,
  "train_samples": 7990,
  "validation_samples": 987,
  "test_samples": 987,
  "learning_rate": 0.008,
  "padding": 1,
  "epochs": 10,
  "final_validation_loss": 1.0947177313405454,
  "final_validation_accuracy": 74.87335359675785,
  "test_loss": 1.079381215989669,
  "test_accuracy": 0.7365754812563323,
  "macro_f1": 0.7337062446524798,
  "training_and_test_seconds": 7618.534768510999,
  "model_parameters": 76527,
  "mean_inference_ms": 34.631229473147656,
  "run_id": "samples_10000_lr_0.008_pad_1_epochs_10"
}