{
  "max_samples_requested": 4700,
  "samples_used": 4700,
  "train_samples": 3760,
  "validation_samples": 470,
  "test_samples": 470,
  "learning_rate": 0.002,
  "padding": 1,
  "epochs": 10,
  "final_validation_loss": 1.040877914308197,
  "final_validation_accuracy": 69.57446808510637,
  "test_loss": 0.9479664262901222,
  "test_accuracy": 0.725531914893617,
  "macro_f1": 0.7228908545973141,
  "training_and_test_seconds": 3614.7746780140005,
  "model_parameters": 76527,
  "mean_inference_ms": 34.587593023404246,
  "run_id": "samples_4700_lr_0.002_pad_1_epochs_10"
}