{
  "max_samples_requested": 2350,
  "samples_used": 2350,
  "train_samples": 1880,
  "validation_samples": 235,
  "test_samples": 235,
  "learning_rate": 0.008,
  "padding": 1,
  "epochs": 10,
  "final_validation_loss": 1.694429033147909,
  "final_validation_accuracy": 69.7872340425532,
  "test_loss": 1.550494786932822,
  "test_accuracy": 0.6553191489361702,
  "macro_f1": 0.6459877592856317,
  "training_and_test_seconds": 1802.3792975550004,
  "model_parameters": 76527,
  "mean_inference_ms": 35.09324209787357,
  "run_id": "samples_2350_lr_0.008_pad_1_epochs_10"
}