condition,accuracy,mean_loss
original,0.808936170212766,0.6087851363545972
random_shift_-2_to_2,0.5493617021276596,2.032951932311913
shifted_then_centered,0.7893617021276595,0.702410589499461
