{
  "test_samples": 987,
  "test_loss": 1.0389169978914083,
  "test_accuracy": 0.7254305977710233,
  "macro_precision": 0.742501502467171,
  "macro_recall": 0.7254305977710233,
  "macro_f1": 0.7229701921895075,
  "mean_confidence": 0.8590780195273383,
  "mean_inference_ms": 35.61333893414324,
  "model_parameters": 76527,
  "model_file_bytes": 614746
}