condition,accuracy,mean_loss
original,0.7254305977710233,1.0389169978914083
random_shift_-2_to_2,0.44072948328267475,3.101259190410848
shifted_then_centered,0.7274569402228976,1.083729934697861
